Algoritmo;Archivos;Cantidad;Patrones;Tiempo_Promedio(ns);Varianza(ns)
FM-Index;Proteins;10;patrones1_100_Existente;9490000;0 
KMP;Proteins;10;patrones1_100_Existente;29789038000;0 
Robin-Karp;Proteins;10;patrones1_100_Existente;62796116000;0 
Boyer-Moore;Proteins;10;patrones1_100_Existente;5216482000;0 
FM-Index;Proteins;20;patrones1_100_Existente;8604000;0 
KMP;Proteins;20;patrones1_100_Existente;59783635000;0 
Robin-Karp;Proteins;20;patrones1_100_Existente;127232312000;0 
Boyer-Moore;Proteins;20;patrones1_100_Existente;11551729000;0 
FM-Index;Proteins;30;patrones1_100_Existente;86534000;0 
KMP;Proteins;30;patrones1_100_Existente;96784263000;0 
Robin-Karp;Proteins;30;patrones1_100_Existente;191812903000;0 
Boyer-Moore;Proteins;30;patrones1_100_Existente;18406553000;0 
FM-Index;Proteins;40;patrones1_100_Existente;422972000;0 
KMP;Proteins;40;patrones1_100_Existente;115938261000;0 
Robin-Karp;Proteins;40;patrones1_100_Existente;243356331000;0 
Boyer-Moore;Proteins;40;patrones1_100_Existente;24008073000;0 
FM-Index;Proteins;10;patrones1_100_Existente;4063000;0 
KMP;Proteins;10;patrones1_100_Existente;27274945000;0 
Robin-Karp;Proteins;10;patrones1_100_Existente;61731931000;0 
Boyer-Moore;Proteins;10;patrones1_100_Existente;5268090000;0 
FM-Index;Proteins;20;patrones1_100_Existente;8776000;0 
KMP;Proteins;20;patrones1_100_Existente;59161596000;0 
Robin-Karp;Proteins;20;patrones1_100_Existente;123029664000;0 
Boyer-Moore;Proteins;20;patrones1_100_Existente;13156569000;0 
FM-Index;Proteins;30;patrones1_100_Existente;1434577000;0 
KMP;Proteins;30;patrones1_100_Existente;85096258000;0 
Robin-Karp;Proteins;30;patrones1_100_Existente;191353836000;0 
Boyer-Moore;Proteins;30;patrones1_100_Existente;19146733000;0 
FM-Index;Proteins;40;patrones1_100_Existente;152523000;0 
KMP;Proteins;40;patrones1_100_Existente;122940312000;0 
Robin-Karp;Proteins;40;patrones1_100_Existente;256812057000;0 
Boyer-Moore;Proteins;40;patrones1_100_Existente;25642331000;0 
FM-Index;Proteins;10;patrones1_100_Existente;5354000;0 
KMP;Proteins;10;patrones1_100_Existente;31736941000;0 
Robin-Karp;Proteins;10;patrones1_100_Existente;63574729000;0 
Boyer-Moore;Proteins;10;patrones1_100_Existente;5120665000;0 
FM-Index;Proteins;20;patrones1_100_Existente;41500000;0 
KMP;Proteins;20;patrones1_100_Existente;60024323000;0 
Robin-Karp;Proteins;20;patrones1_100_Existente;127590669000;0 
Boyer-Moore;Proteins;20;patrones1_100_Existente;12037147000;0 
FM-Index;Proteins;30;patrones1_100_Existente;117230000;0 
KMP;Proteins;30;patrones1_100_Existente;91924794000;0 
Robin-Karp;Proteins;30;patrones1_100_Existente;194169721000;0 
Boyer-Moore;Proteins;30;patrones1_100_Existente;18593710000;0 
FM-Index;Proteins;40;patrones1_100_Existente;191261000;0 
KMP;Proteins;40;patrones1_100_Existente;118308347000;0 
Robin-Karp;Proteins;40;patrones1_100_Existente;257415677000;0 
Boyer-Moore;Proteins;40;patrones1_100_Existente;25221996000;0 
FM-Index;Proteins;10;patrones1_100_Existente;9109000;0 
KMP;Proteins;10;patrones1_100_Existente;29394907000;0 
Robin-Karp;Proteins;10;patrones1_100_Existente;63555230000;0 
Boyer-Moore;Proteins;10;patrones1_100_Existente;5357677000;0 
FM-Index;Proteins;20;patrones1_100_Existente;8880000;0 
KMP;Proteins;20;patrones1_100_Existente;58369967000;0 
Robin-Karp;Proteins;20;patrones1_100_Existente;125755830000;0 
Boyer-Moore;Proteins;20;patrones1_100_Existente;12150997000;0 
FM-Index;Proteins;30;patrones1_100_Existente;143546000;0 
KMP;Proteins;30;patrones1_100_Existente;88039203000;0 
Robin-Karp;Proteins;30;patrones1_100_Existente;213241888000;0 
Boyer-Moore;Proteins;30;patrones1_100_Existente;19159809000;0 
FM-Index;Proteins;40;patrones1_100_Existente;230866000;0 
KMP;Proteins;40;patrones1_100_Existente;129519484000;0 
Robin-Karp;Proteins;40;patrones1_100_Existente;267557419000;0 
Boyer-Moore;Proteins;40;patrones1_100_Existente;26952455000;0 
FM-Index;Proteins;10;patrones1_100_Existente;4434000;0 
KMP;Proteins;10;patrones1_100_Existente;32743599000;0 
Robin-Karp;Proteins;10;patrones1_100_Existente;65402221000;0 
Boyer-Moore;Proteins;10;patrones1_100_Existente;6268740000;0 
FM-Index;Proteins;20;patrones1_100_Existente;92464000;0 
KMP;Proteins;20;patrones1_100_Existente;66133358000;0 
Robin-Karp;Proteins;20;patrones1_100_Existente;148648598000;0 
Boyer-Moore;Proteins;20;patrones1_100_Existente;14492861000;0 
FM-Index;Proteins;30;patrones1_100_Existente;94949000;0 
KMP;Proteins;30;patrones1_100_Existente;100990155000;0 
Robin-Karp;Proteins;30;patrones1_100_Existente;193860504000;0 
Boyer-Moore;Proteins;30;patrones1_100_Existente;18672291000;0 
FM-Index;Proteins;40;patrones1_100_Existente;470519000;0 
KMP;Proteins;40;patrones1_100_Existente;122016974000;0 
Robin-Karp;Proteins;40;patrones1_100_Existente;287397530000;0 
Boyer-Moore;Proteins;40;patrones1_100_Existente;25856536000;0 
FM-Index;Proteins;10;patrones1_100_Existente;9868000;0 
KMP;Proteins;10;patrones1_100_Existente;33020003000;0 
Robin-Karp;Proteins;10;patrones1_100_Existente;65335851000;0 
Boyer-Moore;Proteins;10;patrones1_100_Existente;5315653000;0 
FM-Index;Proteins;20;patrones1_100_Existente;12066000;0 
KMP;Proteins;20;patrones1_100_Existente;60830085000;0 
Robin-Karp;Proteins;20;patrones1_100_Existente;128338452000;0 
Boyer-Moore;Proteins;20;patrones1_100_Existente;14395790000;0 
FM-Index;Proteins;30;patrones1_100_Existente;183562000;0 
KMP;Proteins;30;patrones1_100_Existente;96653498000;0 
Robin-Karp;Proteins;30;patrones1_100_Existente;197392387000;0 
Boyer-Moore;Proteins;30;patrones1_100_Existente;18915974000;0 
FM-Index;Proteins;40;patrones1_100_Existente;486437000;0 
KMP;Proteins;40;patrones1_100_Existente;149095418000;0 
Robin-Karp;Proteins;40;patrones1_100_Existente;567982639000;0 
Boyer-Moore;Proteins;40;patrones1_100_Existente;60197795000;0 
FM-Index;Proteins;10;patrones1_100_Existente;18847000;0 
KMP;Proteins;10;patrones1_100_Existente;73128597000;0 
Robin-Karp;Proteins;10;patrones1_100_Existente;149366977000;0 
Boyer-Moore;Proteins;10;patrones1_100_Existente;11014048000;0 
FM-Index;Proteins;20;patrones1_100_Existente;50661000;0 
KMP;Proteins;20;patrones1_100_Existente;150020790000;0 
Robin-Karp;Proteins;20;patrones1_100_Existente;2905820150000;0 
Boyer-Moore;Proteins;20;patrones1_100_Existente;30046018000;0 
FM-Index;Proteins;30;patrones1_100_Existente;312448000;0 
KMP;Proteins;30;patrones1_100_Existente;243662757000;0 
Robin-Karp;Proteins;30;patrones1_100_Existente;506310100000;0 
Boyer-Moore;Proteins;30;patrones1_100_Existente;48343246000;0 
FM-Index;Proteins;40;patrones1_100_Existente;418113000;0 
KMP;Proteins;40;patrones1_100_Existente;323788202000;0 
Robin-Karp;Proteins;40;patrones1_100_Existente;681554167000;0 
Boyer-Moore;Proteins;40;patrones1_100_Existente;67081753000;0 
FM-Index;Proteins;10;patrones1_100_Existente;5581000;0 
KMP;Proteins;10;patrones1_100_Existente;75005340000;0 
Robin-Karp;Proteins;10;patrones1_100_Existente;164099956000;0 
Boyer-Moore;Proteins;10;patrones1_100_Existente;11983050000;0 
FM-Index;Proteins;20;patrones1_100_Existente;81447000;0 
KMP;Proteins;20;patrones1_100_Existente;154088029000;0 
Robin-Karp;Proteins;20;patrones1_100_Existente;336785578000;0 
Boyer-Moore;Proteins;20;patrones1_100_Existente;31008127000;0 
FM-Index;Proteins;30;patrones1_100_Existente;133109000;0 
KMP;Proteins;30;patrones1_100_Existente;242588327000;0 
Robin-Karp;Proteins;30;patrones1_100_Existente;512827143000;0 
Boyer-Moore;Proteins;30;patrones1_100_Existente;50097334000;0 
FM-Index;Proteins;40;patrones1_100_Existente;475791000;0 
KMP;Proteins;40;patrones1_100_Existente;326643795000;0 
Robin-Karp;Proteins;40;patrones1_100_Existente;701792990000;0 
Boyer-Moore;Proteins;40;patrones1_100_Existente;70551180000;0 
FM-Index;Proteins;10;patrones1_100_Existente;19026000;0 
KMP;Proteins;10;patrones1_100_Existente;78842701000;0 
Robin-Karp;Proteins;10;patrones1_100_Existente;163729146000;0 
Boyer-Moore;Proteins;10;patrones1_100_Existente;11852826000;0 
FM-Index;Proteins;20;patrones1_100_Existente;108122000;0 
KMP;Proteins;20;patrones1_100_Existente;163948411000;0 
Robin-Karp;Proteins;20;patrones1_100_Existente;230478085000;0 
Boyer-Moore;Proteins;20;patrones1_100_Existente;12037629000;0 
FM-Index;Proteins;30;patrones1_100_Existente;126927000;0 
KMP;Proteins;30;patrones1_100_Existente;86277059000;0 
Robin-Karp;Proteins;30;patrones1_100_Existente;193152542000;0 
Boyer-Moore;Proteins;30;patrones1_100_Existente;18536962000;0 
FM-Index;Proteins;40;patrones1_100_Existente;312480000;0 
KMP;Proteins;40;patrones1_100_Existente;123149828000;0 
Robin-Karp;Proteins;40;patrones1_100_Existente;262882333000;0 
Boyer-Moore;Proteins;40;patrones1_100_Existente;26130985000;0 
FM-Index;Proteins;10;patrones1_100_Existente;9857000;0 
KMP;Proteins;10;patrones1_100_Existente;29582988000;0 
Robin-Karp;Proteins;10;patrones1_100_Existente;63143283000;0 
Boyer-Moore;Proteins;10;patrones1_100_Existente;5424204000;0 
FM-Index;Proteins;20;patrones1_100_Existente;27196000;0 
KMP;Proteins;20;patrones1_100_Existente;104044112000;0 
Robin-Karp;Proteins;20;patrones1_100_Existente;343007186000;0 
Boyer-Moore;Proteins;20;patrones1_100_Existente;30231259000;0 
FM-Index;Proteins;30;patrones1_100_Existente;145563000;0 
KMP;Proteins;30;patrones1_100_Existente;247278370000;0 
Robin-Karp;Proteins;30;patrones1_100_Existente;505887387000;0 
Boyer-Moore;Proteins;30;patrones1_100_Existente;48621208000;0 
FM-Index;Proteins;40;patrones1_100_Existente;545116000;0 
KMP;Proteins;40;patrones1_100_Existente;180813925000;0 
Robin-Karp;Proteins;40;patrones1_100_Existente;270706362000;0 
Boyer-Moore;Proteins;40;patrones1_100_Existente;27433506000;0 
FM-Index;Proteins;10;patrones1_100_Existente;12378000;0 
KMP;Proteins;10;patrones1_100_Existente;30172990000;0 
Robin-Karp;Proteins;10;patrones1_100_Existente;63387203000;0 
Boyer-Moore;Proteins;10;patrones1_100_Existente;5490017000;0 
FM-Index;Proteins;20;patrones1_100_Existente;14649000;0 
KMP;Proteins;20;patrones1_100_Existente;60032259000;0 
Robin-Karp;Proteins;20;patrones1_100_Existente;132112636000;0 
Boyer-Moore;Proteins;20;patrones1_100_Existente;12333896000;0 
FM-Index;Proteins;30;patrones1_100_Existente;85346000;0 
KMP;Proteins;30;patrones1_100_Existente;104609376000;0 
Robin-Karp;Proteins;30;patrones1_100_Existente;193996078000;0 
Boyer-Moore;Proteins;30;patrones1_100_Existente;19371479000;0 
FM-Index;Proteins;40;patrones1_100_Existente;151465000;0 
KMP;Proteins;40;patrones1_100_Existente;121629544000;0 
Robin-Karp;Proteins;40;patrones1_100_Existente;258940015000;0 
Boyer-Moore;Proteins;40;patrones1_100_Existente;25527847000;0 
FM-Index;Proteins;10;patrones1_100_Existente;5653000;0 
KMP;Proteins;10;patrones1_100_Existente;30385649000;0 
Robin-Karp;Proteins;10;patrones1_100_Existente;61475655000;0 
Boyer-Moore;Proteins;10;patrones1_100_Existente;5130798000;0 
FM-Index;Proteins;20;patrones1_100_Existente;15247000;0 
KMP;Proteins;20;patrones1_100_Existente;59597188000;0 
Robin-Karp;Proteins;20;patrones1_100_Existente;121321097000;0 
Boyer-Moore;Proteins;20;patrones1_100_Existente;12046213000;0 
FM-Index;Proteins;30;patrones1_100_Existente;104417000;0 
KMP;Proteins;30;patrones1_100_Existente;84563431000;0 
Robin-Karp;Proteins;30;patrones1_100_Existente;179335854000;0 
Boyer-Moore;Proteins;30;patrones1_100_Existente;17705856000;0 
FM-Index;Proteins;40;patrones1_100_Existente;326727000;0 
KMP;Proteins;40;patrones1_100_Existente;110707178000;0 
Robin-Karp;Proteins;40;patrones1_100_Existente;263295142000;0 
Boyer-Moore;Proteins;40;patrones1_100_Existente;25265102000;0 
FM-Index;Proteins;10;patrones1_100_Existente;4312000;0 
KMP;Proteins;10;patrones1_100_Existente;26584094000;0 
Robin-Karp;Proteins;10;patrones1_100_Existente;58352433000;0 
Boyer-Moore;Proteins;10;patrones1_100_Existente;5041720000;0 
FM-Index;Proteins;20;patrones1_100_Existente;11288000;0 
KMP;Proteins;20;patrones1_100_Existente;54952429000;0 
Robin-Karp;Proteins;20;patrones1_100_Existente;118680688000;0 
Boyer-Moore;Proteins;20;patrones1_100_Existente;11424483000;0 
FM-Index;Proteins;30;patrones1_100_Existente;93329000;0 
KMP;Proteins;30;patrones1_100_Existente;85537705000;0 
Robin-Karp;Proteins;30;patrones1_100_Existente;178565746000;0 
Boyer-Moore;Proteins;30;patrones1_100_Existente;17636236000;0 
FM-Index;Proteins;40;patrones1_100_Existente;149962000;0 
KMP;Proteins;40;patrones1_100_Existente;111070130000;0 
Robin-Karp;Proteins;40;patrones1_100_Existente;239078557000;0 
Boyer-Moore;Proteins;40;patrones1_100_Existente;24339641000;0 
FM-Index;Proteins;10;patrones1_100_Existente;4014000;0 
KMP;Proteins;10;patrones1_100_Existente;26781789000;0 
Robin-Karp;Proteins;10;patrones1_100_Existente;59211398000;0 
Boyer-Moore;Proteins;10;patrones1_100_Existente;5277530000;0 
FM-Index;Proteins;20;patrones1_100_Existente;9882000;0 
KMP;Proteins;20;patrones1_100_Existente;55363029000;0 
Robin-Karp;Proteins;20;patrones1_100_Existente;116203505000;0 
Boyer-Moore;Proteins;20;patrones1_100_Existente;11584569000;0 
FM-Index;Proteins;30;patrones1_100_Existente;112899000;0 
KMP;Proteins;30;patrones1_100_Existente;82799124000;0 
Robin-Karp;Proteins;30;patrones1_100_Existente;180362941000;0 
Boyer-Moore;Proteins;30;patrones1_100_Existente;17449446000;0 
FM-Index;Proteins;40;patrones1_100_Existente;282052000;0 
KMP;Proteins;40;patrones1_100_Existente;112387503000;0 
Robin-Karp;Proteins;40;patrones1_100_Existente;236043843000;0 
Boyer-Moore;Proteins;40;patrones1_100_Existente;23895692000;0 
FM-Index;Proteins;10;patrones1_100_Existente;4107000;0 
KMP;Proteins;10;patrones1_100_Existente;25975498000;0 
Robin-Karp;Proteins;10;patrones1_100_Existente;58934410000;0 
Boyer-Moore;Proteins;10;patrones1_100_Existente;5248961000;0 
FM-Index;Proteins;20;patrones1_100_Existente;9012000;0 
KMP;Proteins;20;patrones1_100_Existente;54626752000;0 
Robin-Karp;Proteins;20;patrones1_100_Existente;117641338000;0 
Boyer-Moore;Proteins;20;patrones1_100_Existente;11208651000;0 
FM-Index;Proteins;30;patrones1_100_Existente;153065000;0 
KMP;Proteins;30;patrones1_100_Existente;83916921000;0 
Robin-Karp;Proteins;30;patrones1_100_Existente;176596864000;0 
Boyer-Moore;Proteins;30;patrones1_100_Existente;17366468000;0 
FM-Index;Proteins;40;patrones1_100_Existente;400941000;0 
KMP;Proteins;40;patrones1_100_Existente;112624900000;0 
Robin-Karp;Proteins;40;patrones1_100_Existente;237474605000;0 
Boyer-Moore;Proteins;40;patrones1_100_Existente;23295552000;0 
FM-Index;Proteins;10;patrones1_100_Existente;4567000;0 
KMP;Proteins;10;patrones1_100_Existente;26981369000;0 
Robin-Karp;Proteins;10;patrones1_100_Existente;57585143000;0 
Boyer-Moore;Proteins;10;patrones1_100_Existente;5175218000;0 
FM-Index;Proteins;20;patrones1_100_Existente;10591000;0 
KMP;Proteins;20;patrones1_100_Existente;54787508000;0 
Robin-Karp;Proteins;20;patrones1_100_Existente;117632392000;0 
Boyer-Moore;Proteins;20;patrones1_100_Existente;11549902000;0 
FM-Index;Proteins;30;patrones1_100_Existente;65265000;0 
KMP;Proteins;30;patrones1_100_Existente;82936629000;0 
Robin-Karp;Proteins;30;patrones1_100_Existente;178325916000;0 
Boyer-Moore;Proteins;30;patrones1_100_Existente;19997973000;0 
FM-Index;Proteins;40;patrones1_100_Existente;354930000;0 
KMP;Proteins;40;patrones1_100_Existente;124759698000;0 
Robin-Karp;Proteins;40;patrones1_100_Existente;241749247000;0 
Boyer-Moore;Proteins;40;patrones1_100_Existente;23840798000;0 
FM-Index;Proteins;10;patrones1_100_Existente;7794000;0 
KMP;Proteins;10;patrones1_100_Existente;26965498000;0 
Robin-Karp;Proteins;10;patrones1_100_Existente;58169568000;0 
Boyer-Moore;Proteins;10;patrones1_100_Existente;4975006000;0 
FM-Index;Proteins;20;patrones1_100_Existente;11830000;0 
KMP;Proteins;20;patrones1_100_Existente;55172179000;0 
Robin-Karp;Proteins;20;patrones1_100_Existente;117667068000;0 
Boyer-Moore;Proteins;20;patrones1_100_Existente;11795745000;0 
FM-Index;Proteins;30;patrones1_100_Existente;113544000;0 
KMP;Proteins;30;patrones1_100_Existente;82956703000;0 
Robin-Karp;Proteins;30;patrones1_100_Existente;178674869000;0 
Boyer-Moore;Proteins;30;patrones1_100_Existente;17222652000;0 
FM-Index;Proteins;40;patrones1_100_Existente;145037000;0 
KMP;Proteins;40;patrones1_100_Existente;110988239000;0 
Robin-Karp;Proteins;40;patrones1_100_Existente;236965717000;0 
Boyer-Moore;Proteins;40;patrones1_100_Existente;23983572000;0 
FM-Index;Proteins;10;patrones1_100_Existente;4073000;0 
KMP;Proteins;10;patrones1_100_Existente;27177545000;0 
Robin-Karp;Proteins;10;patrones1_100_Existente;58059311000;0 
Boyer-Moore;Proteins;10;patrones1_100_Existente;5225402000;0 
FM-Index;Proteins;20;patrones1_100_Existente;9208000;0 
KMP;Proteins;20;patrones1_100_Existente;54810720000;0 
Robin-Karp;Proteins;20;patrones1_100_Existente;119014116000;0 
Boyer-Moore;Proteins;20;patrones1_100_Existente;11766791000;0 
FM-Index;Proteins;30;patrones1_100_Existente;62434000;0 
KMP;Proteins;30;patrones1_100_Existente;83087923000;0 
Robin-Karp;Proteins;30;patrones1_100_Existente;179575382000;0 
Boyer-Moore;Proteins;30;patrones1_100_Existente;17443850000;0 
FM-Index;Proteins;40;patrones1_100_Existente;242671000;0 
KMP;Proteins;40;patrones1_100_Existente;112211724000;0 
Robin-Karp;Proteins;40;patrones1_100_Existente;238076761000;0 
Boyer-Moore;Proteins;40;patrones1_100_Existente;23894332000;0 
FM-Index;Proteins;10;patrones1_100_Existente;4248000;0 
KMP;Proteins;10;patrones1_100_Existente;26140998000;0 
Robin-Karp;Proteins;10;patrones1_100_Existente;58298963000;0 
Boyer-Moore;Proteins;10;patrones1_100_Existente;4977154000;0 
FM-Index;Proteins;20;patrones1_100_Existente;13779000;0 
KMP;Proteins;20;patrones1_100_Existente;54153596000;0 
Robin-Karp;Proteins;20;patrones1_100_Existente;116970945000;0 
Boyer-Moore;Proteins;20;patrones1_100_Existente;11596254000;0 
FM-Index;Proteins;30;patrones1_100_Existente;202952000;0 
KMP;Proteins;30;patrones1_100_Existente;82922585000;0 
Robin-Karp;Proteins;30;patrones1_100_Existente;176551586000;0 
Boyer-Moore;Proteins;30;patrones1_100_Existente;17677821000;0 
FM-Index;Proteins;40;patrones1_100_Existente;327363000;0 
KMP;Proteins;40;patrones1_100_Existente;115768491000;0 
Robin-Karp;Proteins;40;patrones1_100_Existente;238694353000;0 
Boyer-Moore;Proteins;40;patrones1_100_Existente;23530119000;0 
FM-Index;Proteins;10;patrones1_100_Existente;4162000;0 
KMP;Proteins;10;patrones1_100_Existente;27470333000;0 
Robin-Karp;Proteins;10;patrones1_100_Existente;61270694000;0 
Boyer-Moore;Proteins;10;patrones1_100_Existente;5309740000;0 
FM-Index;Proteins;20;patrones1_100_Existente;8736000;0 
KMP;Proteins;20;patrones1_100_Existente;55410218000;0 
Robin-Karp;Proteins;20;patrones1_100_Existente;119238456000;0 
Boyer-Moore;Proteins;20;patrones1_100_Existente;11603373000;0 
FM-Index;Proteins;30;patrones1_100_Existente;59285000;0 
KMP;Proteins;30;patrones1_100_Existente;83220983000;0 
Robin-Karp;Proteins;30;patrones1_100_Existente;176857693000;0 
Boyer-Moore;Proteins;30;patrones1_100_Existente;17345365000;0 
FM-Index;Proteins;40;patrones1_100_Existente;141972000;0 
KMP;Proteins;40;patrones1_100_Existente;110333983000;0 
Robin-Karp;Proteins;40;patrones1_100_Existente;235440848000;0 
Boyer-Moore;Proteins;40;patrones1_100_Existente;24192524000;0 
